<?xml version="1.0" encoding="UTF-8" ?>
<!DOCTYPE mapper PUBLIC "-//mybatis.org//DTD Mapper 3.0//EN" "http://mybatis.org/dtd/mybatis-3-mapper.dtd" >
<mapper namespace="test.IDao.UserMapper" >
  <resultMap id="BaseResultMap" type="test.domain.User" >
    <id column="userID" property="userid" jdbcType="VARCHAR" />
    <result column="userName" property="username" jdbcType="VARCHAR" />
    <result column="userPwd" property="userpwd" jdbcType="VARCHAR" />
  </resultMap>
  <sql id="Base_Column_List" >
    userID, userName, userPwd
  </sql>
  <select id="selectByPrimaryKey" resultMap="BaseResultMap" parameterType="java.lang.String" >
    select 
    <include refid="Base_Column_List" />
    from user
    where userID = #{userid,jdbcType=VARCHAR}
  </select>
  <delete id="deleteByPrimaryKey" parameterType="java.lang.String" >
    delete from user
    where userID = #{userid,jdbcType=VARCHAR}
  </delete>
  <insert id="insert" parameterType="test.domain.User" >
    insert into user (userID, userName, userPwd
      )
    values (#{userid,jdbcType=VARCHAR}, #{username,jdbcType=VARCHAR}, #{userpwd,jdbcType=VARCHAR}
      )
  </insert>
  <insert id="insertSelective" parameterType="test.domain.User" >
    insert into user
    <trim prefix="(" suffix=")" suffixOverrides="," >
      <if test="userid != null" >
        userID,
      </if>
      <if test="username != null" >
        userName,
      </if>
      <if test="userpwd != null" >
        userPwd,
      </if>
    </trim>
    <trim prefix="values (" suffix=")" suffixOverrides="," >
      <if test="userid != null" >
        #{userid,jdbcType=VARCHAR},
      </if>
      <if test="username != null" >
        #{username,jdbcType=VARCHAR},
      </if>
      <if test="userpwd != null" >
        #{userpwd,jdbcType=VARCHAR},
      </if>
    </trim>
  </insert>
  <update id="updateByPrimaryKeySelective" parameterType="test.domain.User" >
    update user
    <set >
      <if test="username != null" >
        userName = #{username,jdbcType=VARCHAR},
      </if>
      <if test="userpwd != null" >
        userPwd = #{userpwd,jdbcType=VARCHAR},
      </if>
    </set>
    where userID = #{userid,jdbcType=VARCHAR}
  </update>
  <update id="updateByPrimaryKey" parameterType="test.domain.User" >
    update user
    set userName = #{username,jdbcType=VARCHAR},
      userPwd = #{userpwd,jdbcType=VARCHAR}
    where userID = #{userid,jdbcType=VARCHAR}
  </update>
</mapper>