<?xml version="1.0" encoding="UTF-8"?>
<beans xmlns="http://www.springframework.org/schema/beans"
	xmlns:xsi="http://www.w3.org/2001/XMLSchema-instance"
	xmlns:context="http://www.springframework.org/schema/context"
	xmlns:tx="http://www.springframework.org/schema/tx"
	xsi:schemaLocation="
		http://www.springframework.org/schema/beans 
		http://www.springframework.org/schema/beans/spring-beans-3.0.xsd
		http://www.springframework.org/schema/context 
		http://www.springframework.org/schema/context/spring-context-3.0.xsd
		http://www.springframework.org/schema/tx 
		http://www.springframework.org/schema/tx/spring-tx-3.0.xsd">
	
	<!-- 开启注解并扫描带注解的包 -->
	<context:annotation-config/>
	
	<!-- 扫描注解 -->
	<context:component-scan base-package="com.five.SSM.Service" />
	
	<!-- 使用annotation注解方式配置事务 -->
	<tx:annotation-driven transaction-manager="transactionManager" />
	
	<!-- 加载配置文件 -->
    <context:property-placeholder location="classpath:db.properties"/>
    <!--创建jdbc数据源 -->
    <bean id="dataSource" class="org.apache.commons.dbcp.BasicDataSource" destroy-method="close">
      <property name="driverClassName" value="${jdbc.driver}"/>
      <property name="url" value="${jdbc.url}"/>
      <property name="username" value="${jdbc.username}"/>
      <property name="password" value="${jdbc.password}"/>
    </bean>
    
    <!-- 配置SqlSessionFactoryBean -->
	<bean id="sqlSessionFactory" class="org.mybatis.spring.SqlSessionFactoryBean">
		<property name="dataSource" ref="dataSource"/>
		<property name="configLocation" value="classpath:mybatis.xml"/>
	</bean>
	
	<!--  
        mybatis自动扫描加载Sql映射文件/接口 : MapperScannerConfigurer sqlSessionFactory  
        basePackage:指定sql映射文件/接口所在的包（自动扫描）  
    -->
	<bean class="org.mybatis.spring.mapper.MapperScannerConfigurer">
		<property name="basePackage" value="com.five.SSM.IDao"/>
		<property name="sqlSessionFactoryBeanName" value="sqlSessionFactory" />
	</bean>
	
</beans>